Run,AGE,Assay Type,AvgSpotLen,Bases,BIOMATERIAL_PROVIDER,BioProject,BioSample,BioSampleModel,birth_date,birth_location,BREED,breeding_history,breeding_method,Bytes,cell_line,cell_subtype,cell_type,Center Name,collected_by,Collection_Date,Consent,culture_collection,DATASTORE filetype,DATASTORE provider,DATASTORE region,death_date,dev_stage,disease,disease_stage,Experiment,genotype,geo_loc_name_country,geo_loc_name_country_continent,geo_loc_name,growth_protocol,health_state,Instrument,isolation_source,lat_lon,Library Name,LibraryLayout,LibrarySelection,LibrarySource,Organism,Phenotype,Platform,ReleaseDate,create_date,version,Sample Name,sample_type,sex,specimen_voucher,SRA Study,store_cond,strain,stud_book_number,tissue,treatment,AssemblyName
SRR1449243,2 years,RNA-Seq,180,6875341481,DEPI,PRJNA251439,SAMN02822088,Model organism or animal,1/08/2008,Missing,Holstein,Missing,Missing,3930305777,Missing,Missing,Missing,DEPARTMENT OF ENVIRONMENT AND PRIMARY INDUSTRIES,dissection,8/09/2010,public,Missing,"bam,run.zq,sra","gs,ncbi,s3","gs.us-east1,ncbi.public,s3.us-east-1",8/09/2010,65 days in milk,Missing,Missing,SRX562296,Missing,uncalculated,uncalculated,Missing,Missing,Missing,Illumina HiSeq 2000,Missing,Missing,,PAIRED,PolyA,TRANSCRIPTOMIC,Bos taurus,Missing,ILLUMINA,2014-07-17T00:00:00Z,2014-07-15T15:21:00Z,1,Btau_HOL_0125_liver,Missing,female,Missing,SRP042639,Missing,Missing,Missing,liver,Missing,GCF_000003055.5
SRR1449244,2 years,RNA-Seq,182,5375409427,DEPI,PRJNA251439,SAMN02822088,Model organism or animal,1/08/2008,Missing,Holstein,Missing,Missing,3081529176,Missing,Missing,Missing,DEPARTMENT OF ENVIRONMENT AND PRIMARY INDUSTRIES,dissection,8/09/2010,public,Missing,"bam,run.zq,sra","gs,ncbi,s3","gs.us-east1,ncbi.public,s3.us-east-1",8/09/2010,65 days in milk,Missing,Missing,SRX562296,Missing,uncalculated,uncalculated,Missing,Missing,Missing,Illumina HiSeq 2000,Missing,Missing,,PAIRED,PolyA,TRANSCRIPTOMIC,Bos taurus,Missing,ILLUMINA,2014-07-17T00:00:00Z,2014-07-15T14:29:00Z,1,Btau_HOL_0125_liver,Missing,female,Missing,SRP042639,Missing,Missing,Missing,liver,Missing,GCF_000003055.5
SRR1449245,2 years,RNA-Seq,181,5658583060,DEPI,PRJNA251439,SAMN02822088,Model organism or animal,1/08/2008,Missing,Holstein,Missing,Missing,3263534793,Missing,Missing,Missing,DEPARTMENT OF ENVIRONMENT AND PRIMARY INDUSTRIES,dissection,8/09/2010,public,Missing,"bam,run.zq,sra","gs,ncbi,s3","gs.us-east1,ncbi.public,s3.us-east-1",8/09/2010,65 days in milk,Missing,Missing,SRX562296,Missing,uncalculated,uncalculated,Missing,Missing,Missing,Illumina HiSeq 2000,Missing,Missing,,PAIRED,PolyA,TRANSCRIPTOMIC,Bos taurus,Missing,ILLUMINA,2014-07-17T00:00:00Z,2014-07-15T14:36:00Z,1,Btau_HOL_0125_liver,Missing,female,Missing,SRP042639,Missing,Missing,Missing,liver,Missing,GCF_000003055.5
SRR1449246,2 years,RNA-Seq,184,1084404233,DEPI,PRJNA251439,SAMN02822089,Model organism or animal,1/08/2008,Missing,Holstein,Missing,Missing,516057024,Missing,Missing,Missing,DEPARTMENT OF ENVIRONMENT AND PRIMARY INDUSTRIES,dissection,8/09/2010,public,Missing,"bam,run.zq,sra","gs,ncbi,s3","gs.us-east1,ncbi.public,s3.us-east-1",8/09/2010,65 days in milk,Missing,Missing,SRX562297,Missing,uncalculated,uncalculated,Missing,Missing,Missing,Illumina HiSeq 2000,Missing,Missing,,PAIRED,PolyA,TRANSCRIPTOMIC,Bos taurus,Missing,ILLUMINA,2015-07-22T00:00:00Z,2015-12-02T14:55:00Z,2,Btau_HOL_0125_black skin,Missing,female,Missing,SRP042639,Missing,Missing,Missing,black skin,Missing,GCF_000003055.5
SRR1449247,2 years,RNA-Seq,185,3989467716,DEPI,PRJNA251439,SAMN02822089,Model organism or animal,1/08/2008,Missing,Holstein,Missing,Missing,1815325693,Missing,Missing,Missing,DEPARTMENT OF ENVIRONMENT AND PRIMARY INDUSTRIES,dissection,8/09/2010,public,Missing,"bam,run.zq,sra","gs,ncbi,s3","gs.us-east1,ncbi.public,s3.us-east-1",8/09/2010,65 days in milk,Missing,Missing,SRX562297,Missing,uncalculated,uncalculated,Missing,Missing,Missing,Illumina HiSeq 2000,Missing,Missing,,PAIRED,PolyA,TRANSCRIPTOMIC,Bos taurus,Missing,ILLUMINA,2015-07-22T00:00:00Z,2015-12-02T13:56:00Z,2,Btau_HOL_0125_black skin,Missing,female,Missing,SRP042639,Missing,Missing,Missing,black skin,Missing,GCF_000003055.5
SRR1449248,2 years,RNA-Seq,183,2710463213,DEPI,PRJNA251439,SAMN02822089,Model organism or animal,1/08/2008,Missing,Holstein,Missing,Missing,1290357708,Missing,Missing,Missing,DEPARTMENT OF ENVIRONMENT AND PRIMARY INDUSTRIES,dissection,8/09/2010,public,Missing,"bam,run.zq,sra","gs,ncbi,s3","gs.us-east1,ncbi.public,s3.us-east-1",8/09/2010,65 days in milk,Missing,Missing,SRX562297,Missing,uncalculated,uncalculated,Missing,Missing,Missing,Illumina HiSeq 2000,Missing,Missing,,PAIRED,PolyA,TRANSCRIPTOMIC,Bos taurus,Missing,ILLUMINA,2015-07-22T00:00:00Z,2015-12-02T13:56:00Z,2,Btau_HOL_0125_black skin,Missing,female,Missing,SRP042639,Missing,Missing,Missing,black skin,Missing,GCF_000003055.5
SRR1449250,2 years,RNA-Seq,182,3271064289,DEPI,PRJNA251439,SAMN02822090,Model organism or animal,1/08/2008,Missing,Holstein,Missing,Missing,1559592833,Missing,Missing,Missing,DEPARTMENT OF ENVIRONMENT AND PRIMARY INDUSTRIES,dissection,8/09/2010,public,Missing,"bam,run.zq,sra","gs,ncbi,s3","gs.us-east1,ncbi.public,s3.us-east-1",8/09/2010,65 days in milk,Missing,Missing,SRX562298,Missing,uncalculated,uncalculated,Missing,Missing,Missing,Illumina HiSeq 2000,Missing,Missing,,PAIRED,PolyA,TRANSCRIPTOMIC,Bos taurus,Missing,ILLUMINA,2015-07-22T00:00:00Z,2015-12-02T13:51:00Z,2,Btau_HOL_0125_white skin,Missing,female,Missing,SRP042639,Missing,Missing,Missing,white skin,Missing,GCF_000003055.5
SRR1449251,2 years,RNA-Seq,183,3010048812,DEPI,PRJNA251439,SAMN02822090,Model organism or animal,1/08/2008,Missing,Holstein,Missing,Missing,1422868274,Missing,Missing,Missing,DEPARTMENT OF ENVIRONMENT AND PRIMARY INDUSTRIES,dissection,8/09/2010,public,Missing,"bam,run.zq,sra","gs,ncbi,s3","gs.us-east1,ncbi.public,s3.us-east-1",8/09/2010,65 days in milk,Missing,Missing,SRX562298,Missing,uncalculated,uncalculated,Missing,Missing,Missing,Illumina HiSeq 2000,Missing,Missing,,PAIRED,PolyA,TRANSCRIPTOMIC,Bos taurus,Missing,ILLUMINA,2015-07-22T00:00:00Z,2015-12-02T13:52:00Z,2,Btau_HOL_0125_white skin,Missing,female,Missing,SRP042639,Missing,Missing,Missing,white skin,Missing,GCF_000003055.5
SRR1449252,2 years,RNA-Seq,184,3267511238,DEPI,PRJNA251439,SAMN02822090,Model organism or animal,1/08/2008,Missing,Holstein,Missing,Missing,1522752730,Missing,Missing,Missing,DEPARTMENT OF ENVIRONMENT AND PRIMARY INDUSTRIES,dissection,8/09/2010,public,Missing,"bam,run.zq,sra","gs,ncbi,s3","gs.us-east1,ncbi.public,s3.us-east-1",8/09/2010,65 days in milk,Missing,Missing,SRX562298,Missing,uncalculated,uncalculated,Missing,Missing,Missing,Illumina HiSeq 2000,Missing,Missing,,PAIRED,PolyA,TRANSCRIPTOMIC,Bos taurus,Missing,ILLUMINA,2015-07-22T00:00:00Z,2015-12-02T13:52:00Z,2,Btau_HOL_0125_white skin,Missing,female,Missing,SRP042639,Missing,Missing,Missing,white skin,Missing,GCF_000003055.5
SRR1449253,2 years,RNA-Seq,189,3422580751,DEPI,PRJNA251439,SAMN02822091,Model organism or animal,1/08/2008,Missing,Holstein,Missing,Missing,1880573584,Missing,Missing,Missing,DEPARTMENT OF ENVIRONMENT AND PRIMARY INDUSTRIES,dissection,8/09/2010,public,Missing,"bam,run.zq,sra","gs,ncbi,s3","gs.us-east1,ncbi.public,s3.us-east-1",8/09/2010,65 days in milk,Missing,Missing,SRX562366,Missing,uncalculated,uncalculated,Missing,Missing,Missing,Illumina HiSeq 2000,Missing,Missing,,PAIRED,PolyA,TRANSCRIPTOMIC,Bos taurus,Missing,ILLUMINA,2014-07-17T00:00:00Z,2014-07-15T16:15:00Z,1,Btau_HOL_0125_adrenal gland,Missing,female,Missing,SRP042639,Missing,Missing,Missing,adrenal gland,Missing,GCF_000003055.5
SRR1449254,2 years,RNA-Seq,189,2849375239,DEPI,PRJNA251439,SAMN02822091,Model organism or animal,1/08/2008,Missing,Holstein,Missing,Missing,1565843625,Missing,Missing,Missing,DEPARTMENT OF ENVIRONMENT AND PRIMARY INDUSTRIES,dissection,8/09/2010,public,Missing,"bam,run.zq,sra","gs,ncbi,s3","gs.us-east1,ncbi.public,s3.us-east-1",8/09/2010,65 days in milk,Missing,Missing,SRX562366,Missing,uncalculated,uncalculated,Missing,Missing,Missing,Illumina HiSeq 2000,Missing,Missing,,PAIRED,PolyA,TRANSCRIPTOMIC,Bos taurus,Missing,ILLUMINA,2014-07-17T00:00:00Z,2014-07-15T16:14:00Z,1,Btau_HOL_0125_adrenal gland,Missing,female,Missing,SRP042639,Missing,Missing,Missing,adrenal gland,Missing,GCF_000003055.5
SRR1449255,2 years,RNA-Seq,189,3342963393,DEPI,PRJNA251439,SAMN02822091,Model organism or animal,1/08/2008,Missing,Holstein,Missing,Missing,1848741134,Missing,Missing,Missing,DEPARTMENT OF ENVIRONMENT AND PRIMARY INDUSTRIES,dissection,8/09/2010,public,Missing,"bam,run.zq,sra","gs,ncbi,s3","gs.us-east1,ncbi.public,s3.us-east-1",8/09/2010,65 days in milk,Missing,Missing,SRX562366,Missing,uncalculated,uncalculated,Missing,Missing,Missing,Illumina HiSeq 2000,Missing,Missing,,PAIRED,PolyA,TRANSCRIPTOMIC,Bos taurus,Missing,ILLUMINA,2014-07-17T00:00:00Z,2014-07-15T17:08:00Z,1,Btau_HOL_0125_adrenal gland,Missing,female,Missing,SRP042639,Missing,Missing,Missing,adrenal gland,Missing,GCF_000003055.5
SRR1449256,2 years,RNA-Seq,188,2735504068,DEPI,PRJNA251439,SAMN02822092,Model organism or animal,1/08/2008,Missing,Holstein,Missing,Missing,1507949211,Missing,Missing,Missing,DEPARTMENT OF ENVIRONMENT AND PRIMARY INDUSTRIES,dissection,8/09/2010,public,Missing,"bam,run.zq,sra","gs,ncbi,s3","gs.us-east1,ncbi.public,s3.us-east-1",8/09/2010,65 days in milk,Missing,Missing,SRX562367,Missing,uncalculated,uncalculated,Missing,Missing,Missing,Illumina HiSeq 2000,Missing,Missing,,PAIRED,PolyA,TRANSCRIPTOMIC,Bos taurus,Missing,ILLUMINA,2014-07-17T00:00:00Z,2014-07-15T16:12:00Z,1,Btau_HOL_0125_brain caudal lobe,Missing,female,Missing,SRP042639,Missing,Missing,Missing,brain caudal lobe,Missing,GCF_000003055.5
SRR1449257,2 years,RNA-Seq,189,2375360182,DEPI,PRJNA251439,SAMN02822092,Model organism or animal,1/08/2008,Missing,Holstein,Missing,Missing,1304031659,Missing,Missing,Missing,DEPARTMENT OF ENVIRONMENT AND PRIMARY INDUSTRIES,dissection,8/09/2010,public,Missing,"bam,run.zq,sra","gs,ncbi,s3","gs.us-east1,ncbi.public,s3.us-east-1",8/09/2010,65 days in milk,Missing,Missing,SRX562367,Missing,uncalculated,uncalculated,Missing,Missing,Missing,Illumina HiSeq 2000,Missing,Missing,,PAIRED,PolyA,TRANSCRIPTOMIC,Bos taurus,Missing,ILLUMINA,2014-07-17T00:00:00Z,2014-07-15T16:11:00Z,1,Btau_HOL_0125_brain caudal lobe,Missing,female,Missing,SRP042639,Missing,Missing,Missing,brain caudal lobe,Missing,GCF_000003055.5
SRR1449258,2 years,RNA-Seq,188,3337718811,DEPI,PRJNA251439,SAMN02822092,Model organism or animal,1/08/2008,Missing,Holstein,Missing,Missing,1850953955,Missing,Missing,Missing,DEPARTMENT OF ENVIRONMENT AND PRIMARY INDUSTRIES,dissection,8/09/2010,public,Missing,"bam,run.zq,sra","gs,ncbi,s3","gs.us-east1,ncbi.public,s3.us-east-1",8/09/2010,65 days in milk,Missing,Missing,SRX562367,Missing,uncalculated,uncalculated,Missing,Missing,Missing,Illumina HiSeq 2000,Missing,Missing,,PAIRED,PolyA,TRANSCRIPTOMIC,Bos taurus,Missing,ILLUMINA,2014-07-17T00:00:00Z,2014-07-15T16:56:00Z,1,Btau_HOL_0125_brain caudal lobe,Missing,female,Missing,SRP042639,Missing,Missing,Missing,brain caudal lobe,Missing,GCF_000003055.5
SRR1449259,2 years,RNA-Seq,189,3400755193,DEPI,PRJNA251439,SAMN02822093,Model organism or animal,1/08/2008,Missing,Holstein,Missing,Missing,1862050714,Missing,Missing,Missing,DEPARTMENT OF ENVIRONMENT AND PRIMARY INDUSTRIES,dissection,8/09/2010,public,Missing,"bam,run.zq,sra","gs,ncbi,s3","gs.us-east1,ncbi.public,s3.us-east-1",8/09/2010,65 days in milk,Missing,Missing,SRX562368,Missing,uncalculated,uncalculated,Missing,Missing,Missing,Illumina HiSeq 2000,Missing,Missing,,PAIRED,PolyA,TRANSCRIPTOMIC,Bos taurus,Missing,ILLUMINA,2014-07-17T00:00:00Z,2014-07-15T17:21:00Z,1,Btau_HOL_0125_brain cerebellum,Missing,female,Missing,SRP042639,Missing,Missing,Missing,brain cerebellum,Missing,GCF_000003055.5
SRR1449260,2 years,RNA-Seq,189,2820496885,DEPI,PRJNA251439,SAMN02822093,Model organism or animal,1/08/2008,Missing,Holstein,Missing,Missing,1550955162,Missing,Missing,Missing,DEPARTMENT OF ENVIRONMENT AND PRIMARY INDUSTRIES,dissection,8/09/2010,public,Missing,"bam,run.zq,sra","gs,ncbi,s3","gs.us-east1,ncbi.public,s3.us-east-1",8/09/2010,65 days in milk,Missing,Missing,SRX562368,Missing,uncalculated,uncalculated,Missing,Missing,Missing,Illumina HiSeq 2000,Missing,Missing,,PAIRED,PolyA,TRANSCRIPTOMIC,Bos taurus,Missing,ILLUMINA,2014-07-17T00:00:00Z,2014-07-15T14:07:00Z,1,Btau_HOL_0125_brain cerebellum,Missing,female,Missing,SRP042639,Missing,Missing,Missing,brain cerebellum,Missing,GCF_000003055.5
SRR1449261,2 years,RNA-Seq,187,2125150568,DEPI,PRJNA251439,SAMN02822093,Model organism or animal,1/08/2008,Missing,Holstein,Missing,Missing,1185143397,Missing,Missing,Missing,DEPARTMENT OF ENVIRONMENT AND PRIMARY INDUSTRIES,dissection,8/09/2010,public,Missing,"bam,run.zq,sra","gs,ncbi,s3","gs.us-east1,ncbi.public,s3.us-east-1",8/09/2010,65 days in milk,Missing,Missing,SRX562368,Missing,uncalculated,uncalculated,Missing,Missing,Missing,Illumina HiSeq 2000,Missing,Missing,,PAIRED,PolyA,TRANSCRIPTOMIC,Bos taurus,Missing,ILLUMINA,2014-07-17T00:00:00Z,2014-07-15T13:58:00Z,1,Btau_HOL_0125_brain cerebellum,Missing,female,Missing,SRP042639,Missing,Missing,Missing,brain cerebellum,Missing,GCF_000003055.5
SRR1449263,2 years,RNA-Seq,182,2260928030,DEPI,PRJNA251439,SAMN02822094,Model organism or animal,1/08/2008,Missing,Holstein,Missing,Missing,1253546294,Missing,Missing,Missing,DEPARTMENT OF ENVIRONMENT AND PRIMARY INDUSTRIES,dissection,8/09/2010,public,Missing,"bam,run.zq,sra","gs,ncbi,s3","gs.us-east1,ncbi.public,s3.us-east-1",8/09/2010,65 days in milk,Missing,Missing,SRX562369,Missing,uncalculated,uncalculated,Missing,Missing,Missing,Illumina HiSeq 2000,Missing,Missing,,PAIRED,PolyA,TRANSCRIPTOMIC,Bos taurus,Missing,ILLUMINA,2014-07-17T00:00:00Z,2014-07-15T13:54:00Z,1,Btau_HOL_0125_heart,Missing,female,Missing,SRP042639,Missing,Missing,Missing,heart,Missing,GCF_000003055.5
SRR1449264,2 years,RNA-Seq,183,1918679360,DEPI,PRJNA251439,SAMN02822094,Model organism or animal,1/08/2008,Missing,Holstein,Missing,Missing,1056821589,Missing,Missing,Missing,DEPARTMENT OF ENVIRONMENT AND PRIMARY INDUSTRIES,dissection,8/09/2010,public,Missing,"bam,run.zq,sra","gs,ncbi,s3","gs.us-east1,ncbi.public,s3.us-east-1",8/09/2010,65 days in milk,Missing,Missing,SRX562369,Missing,uncalculated,uncalculated,Missing,Missing,Missing,Illumina HiSeq 2000,Missing,Missing,,PAIRED,PolyA,TRANSCRIPTOMIC,Bos taurus,Missing,ILLUMINA,2014-07-17T00:00:00Z,2014-07-15T13:52:00Z,1,Btau_HOL_0125_heart,Missing,female,Missing,SRP042639,Missing,Missing,Missing,heart,Missing,GCF_000003055.5
SRR1449265,2 years,RNA-Seq,182,5898582932,DEPI,PRJNA251439,SAMN02822094,Model organism or animal,1/08/2008,Missing,Holstein,Missing,Missing,3291638170,Missing,Missing,Missing,DEPARTMENT OF ENVIRONMENT AND PRIMARY INDUSTRIES,dissection,8/09/2010,public,Missing,"bam,run.zq,sra","gs,ncbi,s3","gs.us-east1,ncbi.public,s3.us-east-1",8/09/2010,65 days in milk,Missing,Missing,SRX562369,Missing,uncalculated,uncalculated,Missing,Missing,Missing,Illumina HiSeq 2000,Missing,Missing,,PAIRED,PolyA,TRANSCRIPTOMIC,Bos taurus,Missing,ILLUMINA,2014-07-17T00:00:00Z,2014-07-15T16:03:00Z,1,Btau_HOL_0125_heart,Missing,female,Missing,SRP042639,Missing,Missing,Missing,heart,Missing,GCF_000003055.5
SRR1449266,2 years,RNA-Seq,182,6295304770,DEPI,PRJNA251439,SAMN02822095,Model organism or animal,1/08/2008,Missing,Holstein,Missing,Missing,3596732692,Missing,Missing,Missing,DEPARTMENT OF ENVIRONMENT AND PRIMARY INDUSTRIES,dissection,8/09/2010,public,Missing,"bam,run.zq,sra","gs,ncbi,s3","gs.us-east1,ncbi.public,s3.us-east-1",8/09/2010,65 days in milk,Missing,Missing,SRX562370,Missing,uncalculated,uncalculated,Missing,Missing,Missing,Illumina HiSeq 2000,Missing,Missing,,PAIRED,PolyA,TRANSCRIPTOMIC,Bos taurus,Missing,ILLUMINA,2014-07-17T00:00:00Z,2014-07-15T14:41:00Z,1,Btau_HOL_0125_kidney,Missing,female,Missing,SRP042639,Missing,Missing,Missing,kidney,Missing,GCF_000003055.5
SRR1449267,2 years,RNA-Seq,182,7076748690,DEPI,PRJNA251439,SAMN02822095,Model organism or animal,1/08/2008,Missing,Holstein,Missing,Missing,4025934321,Missing,Missing,Missing,DEPARTMENT OF ENVIRONMENT AND PRIMARY INDUSTRIES,dissection,8/09/2010,public,Missing,"bam,run.zq,sra","gs,ncbi,s3","gs.us-east1,ncbi.public,s3.us-east-1",8/09/2010,65 days in milk,Missing,Missing,SRX562370,Missing,uncalculated,uncalculated,Missing,Missing,Missing,Illumina HiSeq 2000,Missing,Missing,,PAIRED,PolyA,TRANSCRIPTOMIC,Bos taurus,Missing,ILLUMINA,2014-07-17T00:00:00Z,2014-07-15T14:58:00Z,1,Btau_HOL_0125_kidney,Missing,female,Missing,SRP042639,Missing,Missing,Missing,kidney,Missing,GCF_000003055.5
SRR1449268,2 years,RNA-Seq,180,7236462026,DEPI,PRJNA251439,SAMN02822095,Model organism or animal,1/08/2008,Missing,Holstein,Missing,Missing,4216285039,Missing,Missing,Missing,DEPARTMENT OF ENVIRONMENT AND PRIMARY INDUSTRIES,dissection,8/09/2010,public,Missing,"bam,run.zq,sra","gs,ncbi,s3","gs.us-east1,ncbi.public,s3.us-east-1",8/09/2010,65 days in milk,Missing,Missing,SRX562370,Missing,uncalculated,uncalculated,Missing,Missing,Missing,Illumina HiSeq 2000,Missing,Missing,,PAIRED,PolyA,TRANSCRIPTOMIC,Bos taurus,Missing,ILLUMINA,2014-07-17T00:00:00Z,2014-07-15T15:01:00Z,1,Btau_HOL_0125_kidney,Missing,female,Missing,SRP042639,Missing,Missing,Missing,kidney,Missing,GCF_000003055.5
SRR1449269,2 years,RNA-Seq,182,1943559368,DEPI,PRJNA251439,SAMN02822096,Model organism or animal,1/08/2008,Missing,Holstein,Missing,Missing,1077295147,Missing,Missing,Missing,DEPARTMENT OF ENVIRONMENT AND PRIMARY INDUSTRIES,dissection,8/09/2010,public,Missing,"bam,run.zq,sra","gs,ncbi,s3","gs.us-east1,ncbi.public,s3.us-east-1",8/09/2010,65 days in milk,Missing,Missing,SRX562371,Missing,uncalculated,uncalculated,Missing,Missing,Missing,Illumina HiSeq 2000,Missing,Missing,,PAIRED,PolyA,TRANSCRIPTOMIC,Bos taurus,Missing,ILLUMINA,2014-07-17T00:00:00Z,2014-07-15T13:59:00Z,1,Btau_HOL_0125_lung,Missing,female,Missing,SRP042639,Missing,Missing,Missing,lung,Missing,GCF_000003055.5
SRR1449271,2 years,RNA-Seq,181,5710831006,DEPI,PRJNA251439,SAMN02822096,Model organism or animal,1/08/2008,Missing,Holstein,Missing,Missing,3128232113,Missing,Missing,Missing,DEPARTMENT OF ENVIRONMENT AND PRIMARY INDUSTRIES,dissection,8/09/2010,public,Missing,"bam,run.zq,sra","gs,ncbi,s3","gs.us-east1,ncbi.public,s3.us-east-1",8/09/2010,65 days in milk,Missing,Missing,SRX562371,Missing,uncalculated,uncalculated,Missing,Missing,Missing,Illumina HiSeq 2000,Missing,Missing,,PAIRED,PolyA,TRANSCRIPTOMIC,Bos taurus,Missing,ILLUMINA,2014-07-17T00:00:00Z,2014-07-15T15:05:00Z,1,Btau_HOL_0125_lung,Missing,female,Missing,SRP042639,Missing,Missing,Missing,lung,Missing,GCF_000003055.5
SRR1449272,2 years,RNA-Seq,182,1914313964,DEPI,PRJNA251439,SAMN02822096,Model organism or animal,1/08/2008,Missing,Holstein,Missing,Missing,1058951372,Missing,Missing,Missing,DEPARTMENT OF ENVIRONMENT AND PRIMARY INDUSTRIES,dissection,8/09/2010,public,Missing,"bam,run.zq,sra","gs,ncbi,s3","gs.us-east1,ncbi.public,s3.us-east-1",8/09/2010,65 days in milk,Missing,Missing,SRX562371,Missing,uncalculated,uncalculated,Missing,Missing,Missing,Illumina HiSeq 2000,Missing,Missing,,PAIRED,PolyA,TRANSCRIPTOMIC,Bos taurus,Missing,ILLUMINA,2014-07-17T00:00:00Z,2014-07-15T13:58:00Z,1,Btau_HOL_0125_lung,Missing,female,Missing,SRP042639,Missing,Missing,Missing,lung,Missing,GCF_000003055.5
SRR1449274,2 years,RNA-Seq,150,2252620607,DEPI,PRJNA251439,SAMN02822097,Model organism or animal,1/08/2008,Missing,Holstein,Missing,Missing,1332467292,Missing,Missing,Missing,DEPARTMENT OF ENVIRONMENT AND PRIMARY INDUSTRIES,dissection,8/09/2010,public,Missing,"bam,run.zq,sra","gs,ncbi,s3","gs.us-east1,ncbi.public,s3.us-east-1",8/09/2010,65 days in milk,Missing,Missing,SRX562372,Missing,uncalculated,uncalculated,Missing,Missing,Missing,Illumina HiSeq 2000,Missing,Missing,,PAIRED,PolyA,TRANSCRIPTOMIC,Bos taurus,Missing,ILLUMINA,2014-07-17T00:00:00Z,2014-07-15T14:02:00Z,1,Btau_HOL_0125_intestinal lymph node,Missing,female,Missing,SRP042639,Missing,Missing,Missing,intestinal lymph node,Missing,GCF_000003055.5
SRR1449275,2 years,RNA-Seq,176,2581612163,DEPI,PRJNA251439,SAMN02822097,Model organism or animal,1/08/2008,Missing,Holstein,Missing,Missing,1508936951,Missing,Missing,Missing,DEPARTMENT OF ENVIRONMENT AND PRIMARY INDUSTRIES,dissection,8/09/2010,public,Missing,"bam,run.zq,sra","gs,ncbi,s3","gs.us-east1,ncbi.public,s3.us-east-1",8/09/2010,65 days in milk,Missing,Missing,SRX562372,Missing,uncalculated,uncalculated,Missing,Missing,Missing,Illumina HiSeq 2000,Missing,Missing,,PAIRED,PolyA,TRANSCRIPTOMIC,Bos taurus,Missing,ILLUMINA,2014-07-17T00:00:00Z,2014-07-15T14:01:00Z,1,Btau_HOL_0125_intestinal lymph node,Missing,female,Missing,SRP042639,Missing,Missing,Missing,intestinal lymph node,Missing,GCF_000003055.5
SRR1449276,2 years,RNA-Seq,177,2618079466,DEPI,PRJNA251439,SAMN02822097,Model organism or animal,1/08/2008,Missing,Holstein,Missing,Missing,1533847696,Missing,Missing,Missing,DEPARTMENT OF ENVIRONMENT AND PRIMARY INDUSTRIES,dissection,8/09/2010,public,Missing,"bam,run.zq,sra","gs,ncbi,s3","gs.us-east1,ncbi.public,s3.us-east-1",8/09/2010,65 days in milk,Missing,Missing,SRX562372,Missing,uncalculated,uncalculated,Missing,Missing,Missing,Illumina HiSeq 2000,Missing,Missing,,PAIRED,PolyA,TRANSCRIPTOMIC,Bos taurus,Missing,ILLUMINA,2014-07-17T00:00:00Z,2014-07-15T14:02:00Z,1,Btau_HOL_0125_intestinal lymph node,Missing,female,Missing,SRP042639,Missing,Missing,Missing,intestinal lymph node,Missing,GCF_000003055.5
SRR1449277,2 years,RNA-Seq,177,2002330975,DEPI,PRJNA251439,SAMN02822098,Model organism or animal,1/08/2008,Missing,Holstein,Missing,Missing,1175867653,Missing,Missing,Missing,DEPARTMENT OF ENVIRONMENT AND PRIMARY INDUSTRIES,dissection,8/09/2010,public,Missing,"bam,run.zq,sra","gs,ncbi,s3","gs.us-east1,ncbi.public,s3.us-east-1",8/09/2010,65 days in milk,Missing,Missing,SRX562373,Missing,uncalculated,uncalculated,Missing,Missing,Missing,Illumina HiSeq 2000,Missing,Missing,,PAIRED,PolyA,TRANSCRIPTOMIC,Bos taurus,Missing,ILLUMINA,2014-07-17T00:00:00Z,2014-07-15T13:58:00Z,1,Btau_HOL_0125_mammary,Missing,female,Missing,SRP042639,Missing,Missing,Missing,mammary,Missing,GCF_000003055.5
SRR1449278,2 years,RNA-Seq,177,2637340563,DEPI,PRJNA251439,SAMN02822098,Model organism or animal,1/08/2008,Missing,Holstein,Missing,Missing,1543583124,Missing,Missing,Missing,DEPARTMENT OF ENVIRONMENT AND PRIMARY INDUSTRIES,dissection,8/09/2010,public,Missing,"bam,run.zq,sra","gs,ncbi,s3","gs.us-east1,ncbi.public,s3.us-east-1",8/09/2010,65 days in milk,Missing,Missing,SRX562373,Missing,uncalculated,uncalculated,Missing,Missing,Missing,Illumina HiSeq 2000,Missing,Missing,,PAIRED,PolyA,TRANSCRIPTOMIC,Bos taurus,Missing,ILLUMINA,2014-07-17T00:00:00Z,2014-07-15T14:09:00Z,1,Btau_HOL_0125_mammary,Missing,female,Missing,SRP042639,Missing,Missing,Missing,mammary,Missing,GCF_000003055.5
SRR1449280,2 years,RNA-Seq,178,2385368983,DEPI,PRJNA251439,SAMN02822098,Model organism or animal,1/08/2008,Missing,Holstein,Missing,Missing,1409213484,Missing,Missing,Missing,DEPARTMENT OF ENVIRONMENT AND PRIMARY INDUSTRIES,dissection,8/09/2010,public,Missing,"bam,run.zq,sra","gs,ncbi,s3","gs.us-east1,ncbi.public,s3.us-east-1",8/09/2010,65 days in milk,Missing,Missing,SRX562373,Missing,uncalculated,uncalculated,Missing,Missing,Missing,Illumina HiSeq 2000,Missing,Missing,,PAIRED,PolyA,TRANSCRIPTOMIC,Bos taurus,Missing,ILLUMINA,2014-07-17T00:00:00Z,2014-07-15T14:07:00Z,1,Btau_HOL_0125_mammary,Missing,female,Missing,SRP042639,Missing,Missing,Missing,mammary,Missing,GCF_000003055.5
SRR1449281,2 years,RNA-Seq,179,2627920604,DEPI,PRJNA251439,SAMN02822099,Model organism or animal,1/08/2008,Missing,Holstein,Missing,Missing,1538834589,Missing,Missing,Missing,DEPARTMENT OF ENVIRONMENT AND PRIMARY INDUSTRIES,dissection,8/09/2010,public,Missing,"bam,run.zq,sra","gs,ncbi,s3","gs.us-east1,ncbi.public,s3.us-east-1",8/09/2010,65 days in milk,Missing,Missing,SRX562374,Missing,uncalculated,uncalculated,Missing,Missing,Missing,Illumina HiSeq 2000,Missing,Missing,,PAIRED,PolyA,TRANSCRIPTOMIC,Bos taurus,Missing,ILLUMINA,2014-07-17T00:00:00Z,2014-07-15T14:08:00Z,1,Btau_HOL_0125_semimembranosus leg muscle,Missing,female,Missing,SRP042639,Missing,Missing,Missing,semimembranosus leg muscle,Missing,GCF_000003055.5
SRR1449282,2 years,RNA-Seq,179,3167321075,DEPI,PRJNA251439,SAMN02822099,Model organism or animal,1/08/2008,Missing,Holstein,Missing,Missing,1844890456,Missing,Missing,Missing,DEPARTMENT OF ENVIRONMENT AND PRIMARY INDUSTRIES,dissection,8/09/2010,public,Missing,"bam,run.zq,sra","gs,ncbi,s3","gs.us-east1,ncbi.public,s3.us-east-1",8/09/2010,65 days in milk,Missing,Missing,SRX562374,Missing,uncalculated,uncalculated,Missing,Missing,Missing,Illumina HiSeq 2000,Missing,Missing,,PAIRED,PolyA,TRANSCRIPTOMIC,Bos taurus,Missing,ILLUMINA,2014-07-17T00:00:00Z,2014-07-15T14:19:00Z,1,Btau_HOL_0125_semimembranosus leg muscle,Missing,female,Missing,SRP042639,Missing,Missing,Missing,semimembranosus leg muscle,Missing,GCF_000003055.5
SRR1449283,2 years,RNA-Seq,179,2738888287,DEPI,PRJNA251439,SAMN02822099,Model organism or animal,1/08/2008,Missing,Holstein,Missing,Missing,1608622486,Missing,Missing,Missing,DEPARTMENT OF ENVIRONMENT AND PRIMARY INDUSTRIES,dissection,8/09/2010,public,Missing,"bam,run.zq,sra","gs,ncbi,s3","gs.us-east1,ncbi.public,s3.us-east-1",8/09/2010,65 days in milk,Missing,Missing,SRX562374,Missing,uncalculated,uncalculated,Missing,Missing,Missing,Illumina HiSeq 2000,Missing,Missing,,PAIRED,PolyA,TRANSCRIPTOMIC,Bos taurus,Missing,ILLUMINA,2014-07-17T00:00:00Z,2014-07-15T15:02:00Z,1,Btau_HOL_0125_semimembranosus leg muscle,Missing,female,Missing,SRP042639,Missing,Missing,Missing,semimembranosus leg muscle,Missing,GCF_000003055.5
SRR1449284,2 years,RNA-Seq,177,1854872702,DEPI,PRJNA251439,SAMN02822100,Model organism or animal,1/08/2008,Missing,Holstein,Missing,Missing,1103181831,Missing,Missing,Missing,DEPARTMENT OF ENVIRONMENT AND PRIMARY INDUSTRIES,dissection,8/09/2010,public,Missing,"bam,run.zq,sra","gs,ncbi,s3","gs.us-east1,ncbi.public,s3.us-east-1",8/09/2010,65 days in milk,Missing,Missing,SRX562375,Missing,uncalculated,uncalculated,Missing,Missing,Missing,Illumina HiSeq 2000,Missing,Missing,,PAIRED,PolyA,TRANSCRIPTOMIC,Bos taurus,Missing,ILLUMINA,2014-07-17T00:00:00Z,2014-07-15T14:56:00Z,1,Btau_HOL_0125_ovary,Missing,female,Missing,SRP042639,Missing,Missing,Missing,ovary,Missing,GCF_000003055.5
SRR1449285,2 years,RNA-Seq,178,2889485035,DEPI,PRJNA251439,SAMN02822100,Model organism or animal,1/08/2008,Missing,Holstein,Missing,Missing,1681392084,Missing,Missing,Missing,DEPARTMENT OF ENVIRONMENT AND PRIMARY INDUSTRIES,dissection,8/09/2010,public,Missing,"bam,run.zq,sra","gs,ncbi,s3","gs.us-east1,ncbi.public,s3.us-east-1",8/09/2010,65 days in milk,Missing,Missing,SRX562375,Missing,uncalculated,uncalculated,Missing,Missing,Missing,Illumina HiSeq 2000,Missing,Missing,,PAIRED,PolyA,TRANSCRIPTOMIC,Bos taurus,Missing,ILLUMINA,2014-07-17T00:00:00Z,2014-07-15T15:03:00Z,1,Btau_HOL_0125_ovary,Missing,female,Missing,SRP042639,Missing,Missing,Missing,ovary,Missing,GCF_000003055.5
SRR1449286,2 years,RNA-Seq,178,2725964262,DEPI,PRJNA251439,SAMN02822100,Model organism or animal,1/08/2008,Missing,Holstein,Missing,Missing,1576006771,Missing,Missing,Missing,DEPARTMENT OF ENVIRONMENT AND PRIMARY INDUSTRIES,dissection,8/09/2010,public,Missing,"bam,run.zq,sra","gs,ncbi,s3","gs.us-east1,ncbi.public,s3.us-east-1",8/09/2010,65 days in milk,Missing,Missing,SRX562375,Missing,uncalculated,uncalculated,Missing,Missing,Missing,Illumina HiSeq 2000,Missing,Missing,,PAIRED,PolyA,TRANSCRIPTOMIC,Bos taurus,Missing,ILLUMINA,2014-07-17T00:00:00Z,2014-07-15T15:02:00Z,1,Btau_HOL_0125_ovary,Missing,female,Missing,SRP042639,Missing,Missing,Missing,ovary,Missing,GCF_000003055.5
SRR1449287,2 years,RNA-Seq,171,1832578826,DEPI,PRJNA251439,SAMN02822101,Model organism or animal,1/08/2008,Missing,Holstein,Missing,Missing,1121907573,Missing,Missing,Missing,DEPARTMENT OF ENVIRONMENT AND PRIMARY INDUSTRIES,dissection,8/09/2010,public,Missing,"bam,run.zq,sra","gs,ncbi,s3","gs.us-east1,ncbi.public,s3.us-east-1",8/09/2010,65 days in milk,Missing,Missing,SRX562376,Missing,uncalculated,uncalculated,Missing,Missing,Missing,Illumina HiSeq 2000,Missing,Missing,,PAIRED,PolyA,TRANSCRIPTOMIC,Bos taurus,Missing,ILLUMINA,2014-07-17T00:00:00Z,2014-07-15T15:01:00Z,1,Btau_HOL_0125_spleen,Missing,female,Missing,SRP042639,Missing,Missing,Missing,spleen,Missing,GCF_000003055.5
SRR1449288,2 years,RNA-Seq,172,2951407314,DEPI,PRJNA251439,SAMN02822101,Model organism or animal,1/08/2008,Missing,Holstein,Missing,Missing,1801531707,Missing,Missing,Missing,DEPARTMENT OF ENVIRONMENT AND PRIMARY INDUSTRIES,dissection,8/09/2010,public,Missing,"bam,run.zq,sra","gs,ncbi,s3","gs.us-east1,ncbi.public,s3.us-east-1",8/09/2010,65 days in milk,Missing,Missing,SRX562376,Missing,uncalculated,uncalculated,Missing,Missing,Missing,Illumina HiSeq 2000,Missing,Missing,,PAIRED,PolyA,TRANSCRIPTOMIC,Bos taurus,Missing,ILLUMINA,2014-07-17T00:00:00Z,2014-07-15T15:06:00Z,1,Btau_HOL_0125_spleen,Missing,female,Missing,SRP042639,Missing,Missing,Missing,spleen,Missing,GCF_000003055.5
SRR1449289,2 years,RNA-Seq,172,1739153683,DEPI,PRJNA251439,SAMN02822101,Model organism or animal,1/08/2008,Missing,Holstein,Missing,Missing,1053247680,Missing,Missing,Missing,DEPARTMENT OF ENVIRONMENT AND PRIMARY INDUSTRIES,dissection,8/09/2010,public,Missing,"bam,run.zq,sra","gs,ncbi,s3","gs.us-east1,ncbi.public,s3.us-east-1",8/09/2010,65 days in milk,Missing,Missing,SRX562376,Missing,uncalculated,uncalculated,Missing,Missing,Missing,Illumina HiSeq 2000,Missing,Missing,,PAIRED,PolyA,TRANSCRIPTOMIC,Bos taurus,Missing,ILLUMINA,2014-07-17T00:00:00Z,2014-07-15T15:03:00Z,1,Btau_HOL_0125_spleen,Missing,female,Missing,SRP042639,Missing,Missing,Missing,spleen,Missing,GCF_000003055.5
SRR1449291,2 years,RNA-Seq,174,3932523795,DEPI,PRJNA251439,SAMN02822102,Model organism or animal,1/08/2008,Missing,Holstein,Missing,Missing,2376969117,Missing,Missing,Missing,DEPARTMENT OF ENVIRONMENT AND PRIMARY INDUSTRIES,dissection,8/09/2010,public,Missing,"bam,run.zq,sra","gs,ncbi,s3","gs.us-east1,ncbi.public,s3.us-east-1",8/09/2010,65 days in milk,Missing,Missing,SRX562377,Missing,uncalculated,uncalculated,Missing,Missing,Missing,Illumina HiSeq 2000,Missing,Missing,,PAIRED,PolyA,TRANSCRIPTOMIC,Bos taurus,Missing,ILLUMINA,2014-07-17T00:00:00Z,2014-07-15T15:15:00Z,1,Btau_HOL_0125_thymus,Missing,female,Missing,SRP042639,Missing,Missing,Missing,thymus,Missing,GCF_000003055.5
SRR1449292,2 years,RNA-Seq,169,5240593838,DEPI,PRJNA251439,SAMN02822102,Model organism or animal,1/08/2008,Missing,Holstein,Missing,Missing,3230696651,Missing,Missing,Missing,DEPARTMENT OF ENVIRONMENT AND PRIMARY INDUSTRIES,dissection,8/09/2010,public,Missing,"bam,run.zq,sra","gs,ncbi,s3","gs.us-east1,ncbi.public,s3.us-east-1",8/09/2010,65 days in milk,Missing,Missing,SRX562377,Missing,uncalculated,uncalculated,Missing,Missing,Missing,Illumina HiSeq 2000,Missing,Missing,,PAIRED,PolyA,TRANSCRIPTOMIC,Bos taurus,Missing,ILLUMINA,2014-07-17T00:00:00Z,2014-07-15T16:15:00Z,1,Btau_HOL_0125_thymus,Missing,female,Missing,SRP042639,Missing,Missing,Missing,thymus,Missing,GCF_000003055.5
SRR1449293,2 years,RNA-Seq,172,3072817948,DEPI,PRJNA251439,SAMN02822102,Model organism or animal,1/08/2008,Missing,Holstein,Missing,Missing,1909335872,Missing,Missing,Missing,DEPARTMENT OF ENVIRONMENT AND PRIMARY INDUSTRIES,dissection,8/09/2010,public,Missing,"bam,run.zq,sra","gs,ncbi,s3","gs.us-east1,ncbi.public,s3.us-east-1",8/09/2010,65 days in milk,Missing,Missing,SRX562377,Missing,uncalculated,uncalculated,Missing,Missing,Missing,Illumina HiSeq 2000,Missing,Missing,,PAIRED,PolyA,TRANSCRIPTOMIC,Bos taurus,Missing,ILLUMINA,2014-07-17T00:00:00Z,2014-07-15T15:07:00Z,1,Btau_HOL_0125_thymus,Missing,female,Missing,SRP042639,Missing,Missing,Missing,thymus,Missing,GCF_000003055.5
SRR1449294,2 years,RNA-Seq,174,3088291739,DEPI,PRJNA251439,SAMN02822103,Model organism or animal,1/08/2008,Missing,Holstein,Missing,Missing,1888554469,Missing,Missing,Missing,DEPARTMENT OF ENVIRONMENT AND PRIMARY INDUSTRIES,dissection,8/09/2010,public,Missing,"bam,run.zq,sra","gs,ncbi,s3","gs.us-east1,ncbi.public,s3.us-east-1",8/09/2010,65 days in milk,Missing,Missing,SRX562378,Missing,uncalculated,uncalculated,Missing,Missing,Missing,Illumina HiSeq 2000,Missing,Missing,,PAIRED,PolyA,TRANSCRIPTOMIC,Bos taurus,Missing,ILLUMINA,2014-07-17T00:00:00Z,2014-07-15T15:11:00Z,1,Btau_HOL_0125_thyroid,Missing,female,Missing,SRP042639,Missing,Missing,Missing,thyroid,Missing,GCF_000003055.5
SRR1449295,2 years,RNA-Seq,171,8923820941,DEPI,PRJNA251439,SAMN02822103,Model organism or animal,1/08/2008,Missing,Holstein,Missing,Missing,5502503357,Missing,Missing,Missing,DEPARTMENT OF ENVIRONMENT AND PRIMARY INDUSTRIES,dissection,8/09/2010,public,Missing,"bam,run.zq,sra","gs,ncbi,s3","gs.us-east1,ncbi.public,s3.us-east-1",8/09/2010,65 days in milk,Missing,Missing,SRX562378,Missing,uncalculated,uncalculated,Missing,Missing,Missing,Illumina HiSeq 2000,Missing,Missing,,PAIRED,PolyA,TRANSCRIPTOMIC,Bos taurus,Missing,ILLUMINA,2014-07-17T00:00:00Z,2014-07-15T16:42:00Z,1,Btau_HOL_0125_thyroid,Missing,female,Missing,SRP042639,Missing,Missing,Missing,thyroid,Missing,GCF_000003055.5
SRR1449296,2 years,RNA-Seq,172,4346424847,DEPI,PRJNA251439,SAMN02822103,Model organism or animal,1/08/2008,Missing,Holstein,Missing,Missing,2679653266,Missing,Missing,Missing,DEPARTMENT OF ENVIRONMENT AND PRIMARY INDUSTRIES,dissection,8/09/2010,public,Missing,"bam,run.zq,sra","gs,ncbi,s3","gs.us-east1,ncbi.public,s3.us-east-1",8/09/2010,65 days in milk,Missing,Missing,SRX562378,Missing,uncalculated,uncalculated,Missing,Missing,Missing,Illumina HiSeq 2000,Missing,Missing,,PAIRED,PolyA,TRANSCRIPTOMIC,Bos taurus,Missing,ILLUMINA,2014-07-17T00:00:00Z,2014-07-15T15:25:00Z,1,Btau_HOL_0125_thyroid,Missing,female,Missing,SRP042639,Missing,Missing,Missing,thyroid,Missing,GCF_000003055.5
SRR1449297,2 years,RNA-Seq,174,3695988573,DEPI,PRJNA251439,SAMN02822104,Model organism or animal,1/08/2008,Missing,Holstein,Missing,Missing,2242234349,Missing,Missing,Missing,DEPARTMENT OF ENVIRONMENT AND PRIMARY INDUSTRIES,dissection,8/09/2010,public,Missing,"bam,run.zq,sra","gs,ncbi,s3","gs.us-east1,ncbi.public,s3.us-east-1",8/09/2010,65 days in milk,Missing,Missing,SRX562379,Missing,uncalculated,uncalculated,Missing,Missing,Missing,Illumina HiSeq 2000,Missing,Missing,,PAIRED,PolyA,TRANSCRIPTOMIC,Bos taurus,Missing,ILLUMINA,2014-07-17T00:00:00Z,2014-07-15T16:00:00Z,1,Btau_HOL_0125_tongue,Missing,female,Missing,SRP042639,Missing,Missing,Missing,tongue,Missing,GCF_000003055.5
SRR1449298,2 years,RNA-Seq,174,2617323173,DEPI,PRJNA251439,SAMN02822104,Model organism or animal,1/08/2008,Missing,Holstein,Missing,Missing,1586266176,Missing,Missing,Missing,DEPARTMENT OF ENVIRONMENT AND PRIMARY INDUSTRIES,dissection,8/09/2010,public,Missing,"bam,run.zq,sra","gs,ncbi,s3","gs.us-east1,ncbi.public,s3.us-east-1",8/09/2010,65 days in milk,Missing,Missing,SRX562379,Missing,uncalculated,uncalculated,Missing,Missing,Missing,Illumina HiSeq 2000,Missing,Missing,,PAIRED,PolyA,TRANSCRIPTOMIC,Bos taurus,Missing,ILLUMINA,2014-07-17T00:00:00Z,2014-07-15T15:14:00Z,1,Btau_HOL_0125_tongue,Missing,female,Missing,SRP042639,Missing,Missing,Missing,tongue,Missing,GCF_000003055.5
SRR1449299,2 years,RNA-Seq,174,2043839641,DEPI,PRJNA251439,SAMN02822104,Model organism or animal,1/08/2008,Missing,Holstein,Missing,Missing,1245513842,Missing,Missing,Missing,DEPARTMENT OF ENVIRONMENT AND PRIMARY INDUSTRIES,dissection,8/09/2010,public,Missing,"bam,run.zq,sra","gs,ncbi,s3","gs.us-east1,ncbi.public,s3.us-east-1",8/09/2010,65 days in milk,Missing,Missing,SRX562379,Missing,uncalculated,uncalculated,Missing,Missing,Missing,Illumina HiSeq 2000,Missing,Missing,,PAIRED,PolyA,TRANSCRIPTOMIC,Bos taurus,Missing,ILLUMINA,2014-07-17T00:00:00Z,2014-07-15T16:00:00Z,1,Btau_HOL_0125_tongue,Missing,female,Missing,SRP042639,Missing,Missing,Missing,tongue,Missing,GCF_000003055.5
SRR1449300,2 years,RNA-Seq,188,2698636962,DEPI,PRJNA251439,SAMN02822105,Model organism or animal,1/08/2008,Missing,Holstein,Missing,Missing,1492124950,Missing,Missing,Missing,DEPARTMENT OF ENVIRONMENT AND PRIMARY INDUSTRIES,tail vein puncture,8/09/2010,public,Missing,"bam,run.zq,sra","gs,ncbi,s3","gs.us-east1,ncbi.public,s3.us-east-1",8/09/2010,65 days in milk,Missing,Missing,SRX562380,Missing,uncalculated,uncalculated,Missing,Missing,Missing,Illumina HiSeq 2000,Missing,Missing,,PAIRED,PolyA,TRANSCRIPTOMIC,Bos taurus,Missing,ILLUMINA,2014-07-17T00:00:00Z,2014-07-15T16:13:00Z,1,Btau_HOL_0125_blood,Missing,female,Missing,SRP042639,Missing,Missing,Missing,blood,Missing,GCF_000003055.5
SRR1449301,2 years,RNA-Seq,190,2562423642,DEPI,PRJNA251439,SAMN02822105,Model organism or animal,1/08/2008,Missing,Holstein,Missing,Missing,1385838837,Missing,Missing,Missing,DEPARTMENT OF ENVIRONMENT AND PRIMARY INDUSTRIES,tail vein puncture,8/09/2010,public,Missing,"bam,run.zq,sra","gs,ncbi,s3","gs.us-east1,ncbi.public,s3.us-east-1",8/09/2010,65 days in milk,Missing,Missing,SRX562380,Missing,uncalculated,uncalculated,Missing,Missing,Missing,Illumina HiSeq 2000,Missing,Missing,,PAIRED,PolyA,TRANSCRIPTOMIC,Bos taurus,Missing,ILLUMINA,2014-07-17T00:00:00Z,2014-07-15T16:11:00Z,1,Btau_HOL_0125_blood,Missing,female,Missing,SRP042639,Missing,Missing,Missing,blood,Missing,GCF_000003055.5
SRR1449302,2 years,RNA-Seq,188,3059579111,DEPI,PRJNA251439,SAMN02822105,Model organism or animal,1/08/2008,Missing,Holstein,Missing,Missing,1692255819,Missing,Missing,Missing,DEPARTMENT OF ENVIRONMENT AND PRIMARY INDUSTRIES,tail vein puncture,8/09/2010,public,Missing,"bam,run.zq,sra","gs,ncbi,s3","gs.us-east1,ncbi.public,s3.us-east-1",8/09/2010,65 days in milk,Missing,Missing,SRX562380,Missing,uncalculated,uncalculated,Missing,Missing,Missing,Illumina HiSeq 2000,Missing,Missing,,PAIRED,PolyA,TRANSCRIPTOMIC,Bos taurus,Missing,ILLUMINA,2014-07-17T00:00:00Z,2014-07-15T16:16:00Z,1,Btau_HOL_0125_blood,Missing,female,Missing,SRP042639,Missing,Missing,Missing,blood,Missing,GCF_000003055.5
SRR3081196,2 years,RNA-Seq,240,11714251920,DEPI,PRJNA251439,SAMN02822088,Model organism or animal,1/08/2008,Missing,Holstein,Missing,Missing,5187203365,Missing,Missing,Missing,"DEPARTMENT OF ECONOMIC DEVELOPMENT, JOBS, TRANSPORT AND RESOURCES",dissection,8/09/2010,public,Missing,"fastq,run.zq,sra","gs,ncbi,s3","gs.us-east1,ncbi.public,s3.us-east-1",8/09/2010,65 days in milk,Missing,Missing,SRX1498132,Missing,uncalculated,uncalculated,Missing,Missing,Missing,Illumina HiSeq 2000,Missing,Missing,,PAIRED,size fractionation,TRANSCRIPTOMIC,Bos taurus,Missing,ILLUMINA,2016-01-05T00:00:00Z,2016-01-05T01:32:00Z,1,Btau_HOL_0125_liver,Missing,female,Missing,SRP042639,Missing,Missing,Missing,liver,Missing,
SRR3081200,2 years,RNA-Seq,240,33746996160,DEPI,PRJNA251439,SAMN02822095,Model organism or animal,1/08/2008,Missing,Holstein,Missing,Missing,14924831228,Missing,Missing,Missing,"DEPARTMENT OF ECONOMIC DEVELOPMENT, JOBS, TRANSPORT AND RESOURCES",dissection,8/09/2010,public,Missing,"fastq,run.zq,sra","gs,ncbi,s3","gs.us-east1,ncbi.public,s3.us-east-1",8/09/2010,65 days in milk,Missing,Missing,SRX1498148,Missing,uncalculated,uncalculated,Missing,Missing,Missing,Illumina HiSeq 2000,Missing,Missing,,PAIRED,size fractionation,TRANSCRIPTOMIC,Bos taurus,Missing,ILLUMINA,2016-01-05T00:00:00Z,2016-01-05T00:53:00Z,1,Btau_HOL_0125_kidney,Missing,female,Missing,SRP042639,Missing,Missing,Missing,kidney,Missing,
